-- phpMyAdmin SQL Dump
-- version 5.2.1
-- https://www.phpmyadmin.net/
--
-- Host: 127.0.0.1
-- Generation Time: Dec 15, 2025 at 01:01 PM
-- Server version: 10.4.32-MariaDB
-- PHP Version: 8.2.12

SET SQL_MODE = "NO_AUTO_VALUE_ON_ZERO";
START TRANSACTION;
SET time_zone = "+00:00";


/*!40101 SET @OLD_CHARACTER_SET_CLIENT=@@CHARACTER_SET_CLIENT */;
/*!40101 SET @OLD_CHARACTER_SET_RESULTS=@@CHARACTER_SET_RESULTS */;
/*!40101 SET @OLD_COLLATION_CONNECTION=@@COLLATION_CONNECTION */;
/*!40101 SET NAMES utf8mb4 */;

--
-- Database: `sneakysheets`
--

-- --------------------------------------------------------

--
-- Table structure for table `admins`
--

CREATE TABLE `admins` (
  `admin_id` int(11) NOT NULL,
  `email` varchar(255) NOT NULL,
  `password_hash` varchar(255) NOT NULL,
  `name` varchar(100) NOT NULL,
  `role` enum('superadmin','admin','moderator') DEFAULT 'admin',
  `last_login` timestamp NULL DEFAULT NULL,
  `created_at` timestamp NOT NULL DEFAULT current_timestamp(),
  `status` enum('active','inactive','suspended') DEFAULT 'active'
) ENGINE=InnoDB DEFAULT CHARSET=utf8mb4 COLLATE=utf8mb4_general_ci;

--
-- Dumping data for table `admins`
--

INSERT INTO `admins` (`admin_id`, `email`, `password_hash`, `name`, `role`, `last_login`, `created_at`, `status`) VALUES
(1, 'secure_admin@sneakyplay.com', '$2y$10$92IXUNpkjO0rOQ5byMi.Ye4oKoEa3Ro9llC/.og/at2.uheWG/igi', 'Super Administrator', 'superadmin', NULL, '2025-12-08 19:19:04', 'active'),
(2, 'admin@sneakyplay.com', '$2y$10$[your_new_hash]', 'Administrator', 'admin', NULL, '2025-12-08 19:24:05', 'active'),
(3, 'adminsneaky@gmail.com', '$2y$10$92IXUNpkjO0rOQ5byMi.Ye4oKoEa3Ro9llC/.og/at2.uheWG/igi', 'Sneaky Admin', 'admin', NULL, '2025-12-08 19:31:20', 'active');

-- --------------------------------------------------------

--
-- Table structure for table `admin_audit_log`
--

CREATE TABLE `admin_audit_log` (
  `log_id` int(11) NOT NULL,
  `admin_id` int(11) DEFAULT NULL,
  `action` varchar(100) NOT NULL,
  `details` text DEFAULT NULL,
  `ip_address` varchar(45) DEFAULT NULL,
  `user_agent` text DEFAULT NULL,
  `created_at` timestamp NOT NULL DEFAULT current_timestamp()
) ENGINE=InnoDB DEFAULT CHARSET=utf8mb4 COLLATE=utf8mb4_general_ci;

--
-- Dumping data for table `admin_audit_log`
--

INSERT INTO `admin_audit_log` (`log_id`, `admin_id`, `action`, `details`, `ip_address`, `user_agent`, `created_at`) VALUES
(1, 3, 'UPDATE_ORDER_STATUS', 'Updated order #16 from \'pending\' to \'pending\'', '::1', 'Mozilla/5.0 (Windows NT 10.0; Win64; x64) AppleWebKit/537.36 (KHTML, like Gecko) Chrome/143.0.0.0 Safari/537.36', '2025-12-15 11:24:45'),
(2, 3, 'UPDATE_ORDER_STATUS', 'Updated order #16 from \'pending\' to \'paid\'', '::1', 'Mozilla/5.0 (Windows NT 10.0; Win64; x64) AppleWebKit/537.36 (KHTML, like Gecko) Chrome/143.0.0.0 Safari/537.36', '2025-12-15 11:25:07'),
(3, 3, 'UPDATE_ORDER_STATUS', 'Updated order #17 from \'pending\' to \'paid\'', '::1', 'Mozilla/5.0 (Windows NT 10.0; Win64; x64) AppleWebKit/537.36 (KHTML, like Gecko) Chrome/143.0.0.0 Safari/537.36', '2025-12-15 11:26:07'),
(4, 3, 'UPDATE_ORDER_STATUS', 'Updated order #17 from \'\' to \'paid\'', '::1', 'Mozilla/5.0 (Windows NT 10.0; Win64; x64) AppleWebKit/537.36 (KHTML, like Gecko) Chrome/143.0.0.0 Safari/537.36', '2025-12-15 11:26:21'),
(5, 3, 'UPDATE_ORDER_STATUS', 'Updated order #17 from \'\' to \'shipped\'', '::1', 'Mozilla/5.0 (Windows NT 10.0; Win64; x64) AppleWebKit/537.36 (KHTML, like Gecko) Chrome/143.0.0.0 Safari/537.36', '2025-12-15 11:28:20'),
(6, 3, 'UPDATE_ORDER_STATUS', 'Updated order #17 from \'shipped\' to \'shipped\'', '::1', 'Mozilla/5.0 (Windows NT 10.0; Win64; x64) AppleWebKit/537.36 (KHTML, like Gecko) Chrome/143.0.0.0 Safari/537.36', '2025-12-15 11:28:21'),
(7, 3, 'UPDATE_ORDER_STATUS', 'Updated order #18 from \'pending\' to \'delivered\'', '::1', 'Mozilla/5.0 (Windows NT 10.0; Win64; x64) AppleWebKit/537.36 (KHTML, like Gecko) Chrome/143.0.0.0 Safari/537.36', '2025-12-15 11:48:53');

-- --------------------------------------------------------

--
-- Table structure for table `cart`
--

CREATE TABLE `cart` (
  `cart_id` int(11) NOT NULL,
  `user_id` int(11) NOT NULL
) ENGINE=InnoDB DEFAULT CHARSET=utf8mb4 COLLATE=utf8mb4_general_ci;

--
-- Dumping data for table `cart`
--

INSERT INTO `cart` (`cart_id`, `user_id`) VALUES
(1, 15);

-- --------------------------------------------------------

--
-- Table structure for table `cart_items`
--

CREATE TABLE `cart_items` (
  `cart_item_id` int(11) NOT NULL,
  `cart_id` int(11) NOT NULL,
  `product_id` int(11) NOT NULL,
  `quantity` int(10) NOT NULL
) ENGINE=InnoDB DEFAULT CHARSET=utf8mb4 COLLATE=utf8mb4_general_ci;

-- --------------------------------------------------------

--
-- Table structure for table `categories`
--

CREATE TABLE `categories` (
  `categories_id` int(11) NOT NULL,
  `category_name` varchar(50) NOT NULL
) ENGINE=InnoDB DEFAULT CHARSET=utf8mb4 COLLATE=utf8mb4_general_ci;

--
-- Dumping data for table `categories`
--

INSERT INTO `categories` (`categories_id`, `category_name`) VALUES
(1, 'Consoles'),
(2, 'PC Gaming'),
(3, 'Peripherals'),
(4, 'Accessories');

-- --------------------------------------------------------

--
-- Table structure for table `orders`
--

CREATE TABLE `orders` (
  `order_id` int(11) NOT NULL,
  `order_number` varchar(50) DEFAULT NULL,
  `user_id` int(11) NOT NULL,
  `order_date` timestamp NOT NULL DEFAULT current_timestamp(),
  `total_amount` decimal(10,2) NOT NULL,
  `subtotal` decimal(10,2) DEFAULT 0.00,
  `shipping_fee` decimal(10,2) DEFAULT 0.00,
  `tax` decimal(10,2) DEFAULT 0.00,
  `status` enum('pending','processing','shipped','delivered','cancelled') DEFAULT 'pending',
  `shipping_address` text NOT NULL,
  `payment_method` varchar(50) DEFAULT 'cod',
  `payment_status` enum('pending','paid','failed') DEFAULT 'pending',
  `shipping_status` enum('pending','processing','shipped','delivered') DEFAULT 'pending',
  `customer_name` varchar(100) NOT NULL,
  `customer_email` varchar(100) NOT NULL,
  `customer_phone` varchar(20) NOT NULL,
  `notes` text DEFAULT NULL,
  `created_at` timestamp NOT NULL DEFAULT current_timestamp(),
  `updated_at` timestamp NOT NULL DEFAULT current_timestamp() ON UPDATE current_timestamp()
) ENGINE=InnoDB DEFAULT CHARSET=utf8mb4 COLLATE=utf8mb4_general_ci;

-- --------------------------------------------------------

--
-- Table structure for table `order_items`
--

CREATE TABLE `order_items` (
  `order_item_id` int(11) NOT NULL,
  `order_id` int(11) NOT NULL,
  `product_id` int(11) NOT NULL,
  `quantity` int(10) NOT NULL,
  `price` decimal(10,2) NOT NULL,
  `subtotal` decimal(10,2) GENERATED ALWAYS AS (`quantity` * `price`) STORED,
  `created_at` timestamp NOT NULL DEFAULT current_timestamp()
) ENGINE=InnoDB DEFAULT CHARSET=utf8mb4 COLLATE=utf8mb4_general_ci;

-- --------------------------------------------------------

--
-- Table structure for table `products`
--

CREATE TABLE `products` (
  `product_id` int(11) NOT NULL,
  `product_name` text NOT NULL,
  `price` float(10,0) NOT NULL,
  `description` text DEFAULT NULL,
  `categories_id` int(20) DEFAULT NULL,
  `image` varchar(255) DEFAULT NULL,
  `stock_quantity` int(11) DEFAULT 0
) ENGINE=InnoDB DEFAULT CHARSET=utf8mb4 COLLATE=utf8mb4_general_ci;

--
-- Dumping data for table `products`
--

INSERT INTO `products` (`product_id`, `product_name`, `price`, `description`, `categories_id`, `image`, `stock_quantity`) VALUES
(2, 'PlayStation 5 Console', 27990, 'The PS5 console unleashes new gaming possibilities that you never anticipated. ', 1, 'playstation.jpg', 22),
(3, 'Nintendo Switch V2', 14990, ' Bring games to life with a larger 1080p screen—or connect to a TV and play in up to 4K resolution', 1, 'nintendo.jpg', 14),
(9, 'Mouse', 500, 'A gaming mouse is a mouse that\'s specifically designed for computer (PC ) gaming. These high performance mice are built to give you added speed and precision, as well as additional mappable buttons that you can use to your advantage in game.', 3, 'mouse.jpg', 124),
(10, 'Headset', 1000, 'Gaming headsets are an all-in-one solution to immerse yourself in games while chatting with friends and teammates. They\'re over-the-ear headphones equipped with a clear microphone. You can usually distinguish these headsets as they have a bulky build and come with RGB lighting.', 3, 'jbl.jpg', 73),
(11, 'Controller', 2500, 'A gamepad, also known as a controller, is a handheld input device used to interact with video games. It typically consists of buttons, triggers, thumbsticks, and sometimes a directional pad (D-pad).', 3, 'controller.jpg', 69);

-- --------------------------------------------------------

--
-- Table structure for table `reviews`
--

CREATE TABLE `reviews` (
  `review_id` int(11) NOT NULL,
  `user_id` int(11) NOT NULL,
  `product_id` int(11) NOT NULL,
  `rating` varchar(10) NOT NULL,
  `comment` varchar(100) DEFAULT NULL,
  `review_date` datetime(6) NOT NULL
) ENGINE=InnoDB DEFAULT CHARSET=utf8mb4 COLLATE=utf8mb4_general_ci;

-- --------------------------------------------------------

--
-- Table structure for table `stock`
--

CREATE TABLE `stock` (
  `product_id` int(11) NOT NULL,
  `quantity` int(10) NOT NULL
) ENGINE=InnoDB DEFAULT CHARSET=utf8mb4 COLLATE=utf8mb4_general_ci;

--
-- Dumping data for table `stock`
--

INSERT INTO `stock` (`product_id`, `quantity`) VALUES
(2, 25),
(3, 15),
(9, 125),
(10, 75),
(11, 75);

-- --------------------------------------------------------

--
-- Table structure for table `users`
--

CREATE TABLE `users` (
  `user_id` int(11) NOT NULL,
  `name` varchar(100) NOT NULL,
  `email` varchar(50) NOT NULL,
  `password` varchar(255) NOT NULL,
  `contact_no` varchar(20) DEFAULT NULL,
  `address` varchar(50) DEFAULT NULL,
  `date_registered` datetime DEFAULT current_timestamp()
) ENGINE=InnoDB DEFAULT CHARSET=utf8mb4 COLLATE=utf8mb4_general_ci;

--
-- Dumping data for table `users`
--

INSERT INTO `users` (`user_id`, `name`, `email`, `password`, `contact_no`, `address`, `date_registered`) VALUES
(15, 'Nami Nami', 'nami@gmail.com', '$2y$10$nXCLzG2/M1xPXkKiyfsluOcNVwl4Fy9wxBCjxHAQ4F0oO0rcdHFFK', '092737749323', 'Taga Malabg', '2025-12-07 00:29:30');

--
-- Indexes for dumped tables
--

--
-- Indexes for table `admins`
--
ALTER TABLE `admins`
  ADD PRIMARY KEY (`admin_id`),
  ADD UNIQUE KEY `email` (`email`);

--
-- Indexes for table `admin_audit_log`
--
ALTER TABLE `admin_audit_log`
  ADD PRIMARY KEY (`log_id`),
  ADD KEY `admin_id` (`admin_id`);

--
-- Indexes for table `cart`
--
ALTER TABLE `cart`
  ADD PRIMARY KEY (`cart_id`),
  ADD KEY `cart_ibfk_1` (`user_id`);

--
-- Indexes for table `cart_items`
--
ALTER TABLE `cart_items`
  ADD PRIMARY KEY (`cart_item_id`),
  ADD KEY `cart_id` (`cart_id`),
  ADD KEY `cart_items_ibfk_1` (`product_id`);

--
-- Indexes for table `categories`
--
ALTER TABLE `categories`
  ADD PRIMARY KEY (`categories_id`);

--
-- Indexes for table `orders`
--
ALTER TABLE `orders`
  ADD PRIMARY KEY (`order_id`),
  ADD UNIQUE KEY `order_number` (`order_number`),
  ADD KEY `user_id` (`user_id`);

--
-- Indexes for table `order_items`
--
ALTER TABLE `order_items`
  ADD PRIMARY KEY (`order_item_id`),
  ADD KEY `order_id` (`order_id`),
  ADD KEY `product_id` (`product_id`);

--
-- Indexes for table `products`
--
ALTER TABLE `products`
  ADD PRIMARY KEY (`product_id`),
  ADD KEY `products_ibfk_1` (`categories_id`);

--
-- Indexes for table `stock`
--
ALTER TABLE `stock`
  ADD PRIMARY KEY (`product_id`);

--
-- Indexes for table `users`
--
ALTER TABLE `users`
  ADD PRIMARY KEY (`user_id`);

--
-- AUTO_INCREMENT for dumped tables
--

--
-- AUTO_INCREMENT for table `admins`
--
ALTER TABLE `admins`
  MODIFY `admin_id` int(11) NOT NULL AUTO_INCREMENT, AUTO_INCREMENT=4;

--
-- AUTO_INCREMENT for table `admin_audit_log`
--
ALTER TABLE `admin_audit_log`
  MODIFY `log_id` int(11) NOT NULL AUTO_INCREMENT, AUTO_INCREMENT=8;

--
-- AUTO_INCREMENT for table `cart`
--
ALTER TABLE `cart`
  MODIFY `cart_id` int(11) NOT NULL AUTO_INCREMENT, AUTO_INCREMENT=4;

--
-- AUTO_INCREMENT for table `cart_items`
--
ALTER TABLE `cart_items`
  MODIFY `cart_item_id` int(11) NOT NULL AUTO_INCREMENT, AUTO_INCREMENT=29;

--
-- AUTO_INCREMENT for table `orders`
--
ALTER TABLE `orders`
  MODIFY `order_id` int(11) NOT NULL AUTO_INCREMENT, AUTO_INCREMENT=19;

--
-- AUTO_INCREMENT for table `order_items`
--
ALTER TABLE `order_items`
  MODIFY `order_item_id` int(11) NOT NULL AUTO_INCREMENT, AUTO_INCREMENT=19;

--
-- AUTO_INCREMENT for table `users`
--
ALTER TABLE `users`
  MODIFY `user_id` int(11) NOT NULL AUTO_INCREMENT, AUTO_INCREMENT=20;

--
-- Constraints for dumped tables
--

--
-- Constraints for table `admin_audit_log`
--
ALTER TABLE `admin_audit_log`
  ADD CONSTRAINT `admin_audit_log_ibfk_1` FOREIGN KEY (`admin_id`) REFERENCES `admins` (`admin_id`) ON DELETE SET NULL;

--
-- Constraints for table `cart`
--
ALTER TABLE `cart`
  ADD CONSTRAINT `cart_ibfk_1` FOREIGN KEY (`user_id`) REFERENCES `users` (`user_id`) ON DELETE CASCADE;

--
-- Constraints for table `cart_items`
--
ALTER TABLE `cart_items`
  ADD CONSTRAINT `cart_items_ibfk_1` FOREIGN KEY (`product_id`) REFERENCES `products` (`product_id`) ON DELETE CASCADE,
  ADD CONSTRAINT `cart_items_ibfk_2` FOREIGN KEY (`cart_id`) REFERENCES `cart` (`cart_id`) ON DELETE CASCADE;

--
-- Constraints for table `orders`
--
ALTER TABLE `orders`
  ADD CONSTRAINT `orders_ibfk_1` FOREIGN KEY (`user_id`) REFERENCES `users` (`user_id`) ON DELETE CASCADE;

--
-- Constraints for table `order_items`
--
ALTER TABLE `order_items`
  ADD CONSTRAINT `order_items_ibfk_1` FOREIGN KEY (`order_id`) REFERENCES `orders` (`order_id`) ON DELETE CASCADE,
  ADD CONSTRAINT `order_items_ibfk_2` FOREIGN KEY (`product_id`) REFERENCES `products` (`product_id`) ON DELETE CASCADE;

--
-- Constraints for table `products`
--
ALTER TABLE `products`
  ADD CONSTRAINT `products_ibfk_1` FOREIGN KEY (`categories_id`) REFERENCES `categories` (`categories_id`);

--
-- Constraints for table `stock`
--
ALTER TABLE `stock`
  ADD CONSTRAINT `stock_ibfk_1` FOREIGN KEY (`product_id`) REFERENCES `products` (`product_id`) ON DELETE CASCADE;
COMMIT;

/*!40101 SET CHARACTER_SET_CLIENT=@OLD_CHARACTER_SET_CLIENT */;
/*!40101 SET CHARACTER_SET_RESULTS=@OLD_CHARACTER_SET_RESULTS */;
/*!40101 SET COLLATION_CONNECTION=@OLD_COLLATION_CONNECTION */;
